K,seed,avg_log_likelihood,cmse,precision,recall,f1,fpr
1,0,-166.70055160477054,0.015625,1.0,0.8,0.888888888888889,0.0
1,1,-166.68748183627338,0.015625,1.0,0.8,0.888888888888889,0.0
1,2,-166.70023620956363,0.015625,1.0,0.8,0.888888888888889,0.0
1,3,-166.69531462087653,0.015625,1.0,0.8,0.888888888888889,0.0
1,4,-166.70239986137136,0.015625,1.0,0.8,0.888888888888889,0.0
1,5,-166.70422474649519,0.015625,1.0,0.8,0.888888888888889,0.0
1,6,-166.70674659360478,0.015625,1.0,0.8,0.888888888888889,0.0
1,7,-166.69283321837818,0.015625,1.0,0.8,0.888888888888889,0.0
1,8,-166.70514172386348,0.015625,1.0,0.8,0.888888888888889,0.0
1,9,-166.6791899838032,0.015625,1.0,0.8,0.888888888888889,0.0
1,10,-166.69915137533363,0.015625,1.0,0.8,0.888888888888889,0.0
1,11,-166.68434403718044,0.015625,1.0,0.8,0.888888888888889,0.0
1,12,-166.70118611832632,0.015625,1.0,0.8,0.888888888888889,0.0
1,13,-166.68466582442264,0.015625,1.0,0.8,0.888888888888889,0.0
1,14,-166.69257650349937,0.015625,1.0,0.8,0.888888888888889,0.0
1,15,-166.68699772771578,0.015625,1.0,0.8,0.888888888888889,0.0
1,16,-166.6558580920106,0.015625,1.0,0.8,0.888888888888889,0.0
1,17,-166.6938373277464,0.015625,1.0,0.8,0.888888888888889,0.0
1,18,-166.70581423380855,0.015625,1.0,0.8,0.888888888888889,0.0
1,19,-166.6825940472052,0.015625,1.0,0.8,0.888888888888889,0.0
1,20,-166.70351466918578,0.015625,1.0,0.8,0.888888888888889,0.0
1,21,-166.70252365992587,0.015625,1.0,0.8,0.888888888888889,0.0
1,22,-166.70165792486912,0.015625,1.0,0.8,0.888888888888889,0.0
1,23,-166.686048388108,0.015625,1.0,0.8,0.888888888888889,0.0
1,24,-166.7021244531943,0.015625,1.0,0.8,0.888888888888889,0.0
1,25,-166.70932373270028,0.015625,1.0,0.8,0.888888888888889,0.0
1,26,-166.66333666862297,0.015625,1.0,0.8,0.888888888888889,0.0
1,27,-166.7065542609485,0.015625,1.0,0.8,0.888888888888889,0.0
1,28,-166.70126268746057,0.015625,1.0,0.8,0.888888888888889,0.0
1,29,-166.70753671025687,0.015625,1.0,0.8,0.888888888888889,0.0
1,30,-166.70312097031928,0.015625,1.0,0.8,0.888888888888889,0.0
1,31,-166.68432765353185,0.015625,1.0,0.8,0.888888888888889,0.0
1,32,-166.70483164527027,0.015625,1.0,0.8,0.888888888888889,0.0
1,33,-166.70537065629316,0.015625,1.0,0.8,0.888888888888889,0.0
1,34,-166.70742273883727,0.015625,1.0,0.8,0.888888888888889,0.0
1,35,-166.6851907565656,0.015625,1.0,0.8,0.888888888888889,0.0
1,36,-166.68560843817585,0.015625,1.0,0.8,0.888888888888889,0.0
1,37,-166.70571095463225,0.015625,1.0,0.8,0.888888888888889,0.0
1,38,-166.70074442532214,0.015625,1.0,0.8,0.888888888888889,0.0
1,39,-166.70961024036927,0.015625,1.0,0.8,0.888888888888889,0.0
1,40,-166.70382447459232,0.015625,1.0,0.8,0.888888888888889,0.0
1,41,-166.68348854291227,0.015625,1.0,0.8,0.888888888888889,0.0
1,42,-166.69918652730442,0.015625,1.0,0.8,0.888888888888889,0.0
1,43,-166.71076974057775,0.015625,1.0,0.8,0.888888888888889,0.0
1,44,-166.69421256380312,0.015625,1.0,0.8,0.888888888888889,0.0
1,45,-166.69043534885097,0.015625,1.0,0.8,0.888888888888889,0.0
1,46,-166.69808355319472,0.015625,1.0,0.8,0.888888888888889,0.0
1,47,-166.70420822602404,0.015625,1.0,0.8,0.888888888888889,0.0
1,48,-166.69757973101827,0.015625,1.0,0.8,0.888888888888889,0.0
1,49,-166.70330117220303,0.015625,1.0,0.8,0.888888888888889,0.0
2,0,-166.6674988046343,0.015625,1.0,0.8,0.888888888888889,0.0
2,1,-166.65590444285,0.015625,1.0,0.8,0.888888888888889,0.0
2,2,-166.64749794610137,0.015625,1.0,0.8,0.888888888888889,0.0
2,3,-166.66592177059837,0.015625,1.0,0.8,0.888888888888889,0.0
2,4,-166.6388845623388,0.015625,1.0,0.8,0.888888888888889,0.0
2,5,-166.68207636957757,0.015625,1.0,0.8,0.888888888888889,0.0
2,6,-166.67008030616628,0.015625,1.0,0.8,0.888888888888889,0.0
2,7,-166.61971058036448,0.015625,1.0,0.8,0.888888888888889,0.0
2,8,-166.69717110064454,0.015625,1.0,0.8,0.888888888888889,0.0
2,9,-166.6602735508418,0.015625,1.0,0.8,0.888888888888889,0.0
2,10,-166.6021142351449,0.015625,1.0,0.8,0.888888888888889,0.0
2,11,-166.5904239610391,0.015625,1.0,0.8,0.888888888888889,0.0
2,12,-166.58471369568332,0.0,1.0,1.0,1.0,0.0
2,13,-166.5961674255223,0.015625,1.0,0.8,0.888888888888889,0.0
2,14,-166.5988067732588,0.015625,1.0,0.8,0.888888888888889,0.0
2,15,-166.63714457652202,0.015625,1.0,0.8,0.888888888888889,0.0
2,16,-166.51165864609004,0.015625,1.0,0.8,0.888888888888889,0.0
2,17,-166.6211355138007,0.015625,1.0,0.8,0.888888888888889,0.0
2,18,-166.6253584377692,0.015625,1.0,0.8,0.888888888888889,0.0
2,19,-166.613306006953,0.015625,1.0,0.8,0.888888888888889,0.0
2,20,-166.69680956425714,0.015625,1.0,0.8,0.888888888888889,0.0
2,21,-166.61428074114528,0.015625,1.0,0.8,0.888888888888889,0.0
2,22,-166.65226486347396,0.015625,1.0,0.8,0.888888888888889,0.0
2,23,-166.68433890171028,0.015625,1.0,0.8,0.888888888888889,0.0
2,24,-166.66697916032666,0.015625,1.0,0.8,0.888888888888889,0.0
2,25,-166.6605656109741,0.015625,1.0,0.8,0.888888888888889,0.0
2,26,-166.62642442430243,0.015625,1.0,0.8,0.888888888888889,0.0
2,27,-166.6071467800666,0.015625,1.0,0.8,0.888888888888889,0.0
2,28,-166.67975656234464,0.015625,1.0,0.8,0.888888888888889,0.0
2,29,-166.65783743031741,0.015625,1.0,0.8,0.888888888888889,0.0
2,30,-166.66529046301685,0.015625,1.0,0.8,0.888888888888889,0.0
2,31,-166.63922862711647,0.015625,1.0,0.8,0.888888888888889,0.0
2,32,-166.7034531657908,0.015625,1.0,0.8,0.888888888888889,0.0
2,33,-166.61121178864443,0.015625,1.0,0.8,0.888888888888889,0.0
2,34,-166.68888892870982,0.015625,1.0,0.8,0.888888888888889,0.0
2,35,-166.60813849408078,0.015625,1.0,0.8,0.888888888888889,0.0
2,36,-166.58058282009114,0.015625,1.0,0.8,0.888888888888889,0.0
2,37,-166.66001676307587,0.015625,1.0,0.8,0.888888888888889,0.0
2,38,-166.67567249559147,0.015625,1.0,0.8,0.888888888888889,0.0
2,39,-166.6629427232068,0.015625,1.0,0.8,0.888888888888889,0.0
2,40,-166.64222488792123,0.015625,1.0,0.8,0.888888888888889,0.0
2,41,-166.61611793010937,0.015625,1.0,0.8,0.888888888888889,0.0
2,42,-166.66975073100545,0.015625,1.0,0.8,0.888888888888889,0.0
2,43,-166.6486967304365,0.015625,1.0,0.8,0.888888888888889,0.0
2,44,-166.66273315218697,0.015625,1.0,0.8,0.888888888888889,0.0
2,45,-166.64108764971132,0.015625,1.0,0.8,0.888888888888889,0.0
2,46,-166.701334872456,0.015625,1.0,0.8,0.888888888888889,0.0
2,47,-166.64168280925992,0.0,1.0,1.0,1.0,0.0
2,48,-166.70394594456982,0.015625,1.0,0.8,0.888888888888889,0.0
2,49,-166.7131101708254,0.015625,1.0,0.8,0.888888888888889,0.0
3,0,-166.6978404500367,0.015625,1.0,0.8,0.888888888888889,0.0
3,1,-166.57489183489184,0.015625,1.0,0.8,0.888888888888889,0.0
3,2,-166.64593680324933,0.015625,1.0,0.8,0.888888888888889,0.0
3,3,-166.68510141909059,0.015625,1.0,0.8,0.888888888888889,0.0
3,4,-166.70373059155517,0.015625,1.0,0.8,0.888888888888889,0.0
3,5,-166.69589789470223,0.015625,1.0,0.8,0.888888888888889,0.0
3,6,-166.71578927301516,0.015625,1.0,0.8,0.888888888888889,0.0
3,7,-166.6798636625628,0.015625,1.0,0.8,0.888888888888889,0.0
3,8,-166.65386968893898,0.015625,1.0,0.8,0.888888888888889,0.0
3,9,-166.68645838805537,0.015625,1.0,0.8,0.888888888888889,0.0
3,10,-166.63630948765555,0.015625,1.0,0.8,0.888888888888889,0.0
3,11,-166.60482902670265,0.015625,1.0,0.8,0.888888888888889,0.0
3,12,-166.62311925555176,0.015625,1.0,0.8,0.888888888888889,0.0
3,13,-166.59121246054428,0.015625,1.0,0.8,0.888888888888889,0.0
3,14,-166.57208063810356,0.015625,1.0,0.8,0.888888888888889,0.0
3,15,-166.66358555441536,0.015625,1.0,0.8,0.888888888888889,0.0
3,16,-166.51195202146897,0.015625,1.0,0.8,0.888888888888889,0.0
3,17,-166.67469684638232,0.015625,1.0,0.8,0.888888888888889,0.0
3,18,-166.63037756575224,0.015625,1.0,0.8,0.888888888888889,0.0
3,19,-166.6812239906246,0.015625,1.0,0.8,0.888888888888889,0.0
3,20,-166.7196316651994,0.015625,1.0,0.8,0.888888888888889,0.0
3,21,-166.65064871556646,0.015625,1.0,0.8,0.888888888888889,0.0
3,22,-166.67005654264867,0.015625,1.0,0.8,0.888888888888889,0.0
3,23,-166.6904808056858,0.015625,1.0,0.8,0.888888888888889,0.0
3,24,-166.69419091421335,0.015625,1.0,0.8,0.888888888888889,0.0
3,25,-166.596179149,0.0,1.0,1.0,1.0,0.0
3,26,-166.6312473588824,0.015625,1.0,0.8,0.888888888888889,0.0
3,27,-166.57052108761206,0.0,1.0,1.0,1.0,0.0
3,28,-166.683947967171,0.015625,1.0,0.8,0.888888888888889,0.0
3,29,-166.65939383003823,0.015625,1.0,0.8,0.888888888888889,0.0
3,30,-166.68710687462257,0.015625,1.0,0.8,0.888888888888889,0.0
3,31,-166.67243209436648,0.015625,1.0,0.8,0.888888888888889,0.0
3,32,-166.67344818217205,0.0,1.0,1.0,1.0,0.0
3,33,-166.57326432995987,0.0,1.0,1.0,1.0,0.0
3,34,-166.7220947186846,0.015625,1.0,0.8,0.888888888888889,0.0
3,35,-166.6319293588756,0.015625,1.0,0.8,0.888888888888889,0.0
3,36,-166.6167406745668,0.015625,1.0,0.8,0.888888888888889,0.0
3,37,-166.6699035889424,0.015625,1.0,0.8,0.888888888888889,0.0
3,38,-166.67453294412067,0.015625,1.0,0.8,0.888888888888889,0.0
3,39,-166.67450597727193,0.015625,1.0,0.8,0.888888888888889,0.0
3,40,-166.6982166647944,0.015625,1.0,0.8,0.888888888888889,0.0
3,41,-166.67548595317064,0.015625,1.0,0.8,0.888888888888889,0.0
3,42,-166.6667889843179,0.015625,1.0,0.8,0.888888888888889,0.0
3,43,-166.68443684093015,0.015625,1.0,0.8,0.888888888888889,0.0
3,44,-166.6823460907315,0.015625,1.0,0.8,0.888888888888889,0.0
3,45,-166.6425331891054,0.015625,1.0,0.8,0.888888888888889,0.0
3,46,-166.6577758083659,0.015625,1.0,0.8,0.888888888888889,0.0
3,47,-166.6508764544002,0.0,1.0,1.0,1.0,0.0
3,48,-166.65643422379094,0.015625,1.0,0.8,0.888888888888889,0.0
3,49,-166.70369096929542,0.015625,1.0,0.8,0.888888888888889,0.0
