state_id,action,eligibility_infeasible,inferred_infeasible,infeasible_rate,clinical_reason
1,Targeted,True,True,1.0,EGFR/ALK not eligible
1,Surgery,True,False,1.0,allowed
2,Targeted,True,True,1.0,EGFR/ALK not eligible
2,Surgery,True,True,1.0,not first-line month
3,Targeted,True,True,1.0,EGFR/ALK not eligible
3,Surgery,True,True,1.0,not first-line month
4,Targeted,True,True,1.0,EGFR/ALK not eligible
4,Surgery,True,True,1.0,not first-line month
5,Targeted,True,True,1.0,EGFR/ALK not eligible
5,Surgery,True,True,1.0,not first-line month
6,Targeted,True,False,1.0,allowed
6,Immuno,True,False,1.0,allowed
6,Chemo,True,False,1.0,ECOG/perf_status > 2
6,Surgery,True,True,1.0,ECOG/perf_status > 2
7,Targeted,True,False,1.0,allowed
7,Immuno,True,False,1.0,allowed
7,Chemo,True,False,1.0,ECOG/perf_status > 2
7,Surgery,True,True,1.0,not first-line month
8,Targeted,True,False,1.0,allowed
8,Immuno,True,False,1.0,allowed
8,Chemo,True,False,1.0,ECOG/perf_status > 2
8,Surgery,True,True,1.0,not first-line month
9,Targeted,True,False,1.0,allowed
9,Immuno,True,False,1.0,allowed
9,Chemo,True,False,1.0,ECOG/perf_status > 2
9,Surgery,True,True,1.0,not first-line month
10,Targeted,True,False,1.0,allowed
10,Immuno,True,False,1.0,allowed
10,Chemo,True,False,1.0,ECOG/perf_status > 2
10,Surgery,True,True,1.0,not first-line month
11,Targeted,True,True,1.0,EGFR/ALK not eligible
11,Immuno,True,True,1.0,PD-L1 < 1%
11,Chemo,True,False,1.0,ECOG/perf_status > 2
11,Surgery,True,True,1.0,ECOG/perf_status > 2
12,Targeted,True,True,1.0,EGFR/ALK not eligible
12,Immuno,True,True,1.0,PD-L1 < 1%
12,Chemo,True,False,1.0,ECOG/perf_status > 2
12,Surgery,True,True,1.0,not first-line month
13,Targeted,True,True,1.0,EGFR/ALK not eligible
13,Immuno,True,False,1.0,PD-L1 < 1%
13,Chemo,True,True,1.0,ECOG/perf_status > 2
13,Surgery,True,True,1.0,not first-line month
14,Targeted,True,True,1.0,EGFR/ALK not eligible
14,Immuno,True,True,1.0,PD-L1 < 1%
14,Chemo,True,False,1.0,ECOG/perf_status > 2
14,Surgery,True,True,1.0,not first-line month
15,Targeted,True,True,1.0,EGFR/ALK not eligible
15,Immuno,True,True,1.0,PD-L1 < 1%
15,Chemo,True,False,1.0,ECOG/perf_status > 2
15,Surgery,True,True,1.0,not first-line month
16,Immuno,True,True,1.0,PD-L1 < 1%
16,Surgery,True,False,1.0,allowed
17,Immuno,True,True,1.0,PD-L1 < 1%
17,Surgery,True,True,1.0,not first-line month
18,Immuno,True,True,1.0,PD-L1 < 1%
18,Surgery,True,True,1.0,not first-line month
19,Immuno,True,True,1.0,PD-L1 < 1%
19,Surgery,True,True,1.0,not first-line month
20,Immuno,True,True,1.0,PD-L1 < 1%
20,Surgery,True,True,1.0,not first-line month
21,Immuno,True,True,1.0,PD-L1 < 1%
21,Surgery,True,False,1.0,allowed
22,Immuno,True,True,1.0,PD-L1 < 1%
22,Surgery,True,True,1.0,not first-line month
23,Immuno,True,True,1.0,PD-L1 < 1%
23,Surgery,True,True,1.0,not first-line month
24,Immuno,True,True,1.0,PD-L1 < 1%
24,Surgery,True,True,1.0,not first-line month
25,Immuno,True,True,1.0,PD-L1 < 1%
25,Surgery,True,True,1.0,not first-line month
26,Targeted,True,True,1.0,EGFR/ALK not eligible
26,Surgery,True,False,1.0,allowed
27,Targeted,True,True,1.0,EGFR/ALK not eligible
27,Surgery,True,True,1.0,not first-line month
28,Targeted,True,True,1.0,EGFR/ALK not eligible
28,Surgery,True,True,1.0,not first-line month
29,Targeted,True,True,1.0,EGFR/ALK not eligible
29,Surgery,True,True,1.0,not first-line month
30,Targeted,True,True,1.0,EGFR/ALK not eligible
30,Surgery,True,True,1.0,not first-line month
31,Surgery,True,False,1.0,allowed
32,Surgery,True,True,1.0,not first-line month
33,Surgery,True,True,1.0,not first-line month
34,Surgery,True,True,1.0,not first-line month
35,Surgery,True,True,1.0,not first-line month
36,Surgery,True,False,1.0,allowed
37,Surgery,True,True,1.0,not first-line month
38,Surgery,True,True,1.0,not first-line month
39,Surgery,True,True,1.0,not first-line month
40,Surgery,True,True,1.0,not first-line month
41,Targeted,True,True,1.0,EGFR/ALK not eligible
41,Immuno,True,True,1.0,PD-L1 < 1%
41,Chemo,True,False,1.0,ECOG/perf_status > 2
41,Surgery,True,True,1.0,ECOG/perf_status > 2
42,Targeted,True,True,1.0,EGFR/ALK not eligible
42,Immuno,True,True,1.0,PD-L1 < 1%
42,Chemo,True,False,1.0,ECOG/perf_status > 2
42,Surgery,True,True,1.0,not first-line month
43,Targeted,True,True,1.0,EGFR/ALK not eligible
43,Immuno,True,True,1.0,PD-L1 < 1%
43,Chemo,True,False,1.0,ECOG/perf_status > 2
43,Surgery,True,True,1.0,not first-line month
44,Targeted,True,True,1.0,EGFR/ALK not eligible
44,Immuno,True,True,1.0,PD-L1 < 1%
44,Chemo,True,False,1.0,ECOG/perf_status > 2
44,Surgery,True,True,1.0,not first-line month
45,Targeted,True,True,1.0,EGFR/ALK not eligible
45,Immuno,True,True,1.0,PD-L1 < 1%
45,Chemo,True,False,1.0,ECOG/perf_status > 2
45,Surgery,True,True,1.0,not first-line month
46,Targeted,True,True,1.0,EGFR/ALK not eligible
46,Immuno,True,True,1.0,PD-L1 < 1%
46,Surgery,True,False,1.0,allowed
47,Targeted,True,True,1.0,EGFR/ALK not eligible
47,Immuno,True,True,1.0,PD-L1 < 1%
47,Surgery,True,True,1.0,not first-line month
48,Targeted,True,True,1.0,EGFR/ALK not eligible
48,Immuno,True,True,1.0,PD-L1 < 1%
48,Surgery,True,False,0.5,not first-line month
49,Targeted,True,True,1.0,EGFR/ALK not eligible
49,Immuno,True,False,1.0,PD-L1 < 1%
49,Surgery,True,True,1.0,not first-line month
50,Targeted,True,True,1.0,EGFR/ALK not eligible
50,Immuno,True,False,1.0,PD-L1 < 1%
50,Surgery,True,True,1.0,not first-line month
51,Targeted,True,True,1.0,EGFR/ALK not eligible
51,Immuno,True,True,1.0,PD-L1 < 1%
51,Chemo,True,False,1.0,ECOG/perf_status > 2
51,Surgery,True,True,1.0,not first-line month
52,Targeted,True,True,1.0,EGFR/ALK not eligible
52,Immuno,True,False,1.0,PD-L1 < 1%
52,Chemo,True,True,1.0,ECOG/perf_status > 2
52,Surgery,True,True,1.0,not first-line month
53,Targeted,True,True,1.0,EGFR/ALK not eligible
53,Immuno,True,False,1.0,PD-L1 < 1%
53,Chemo,True,True,1.0,ECOG/perf_status > 2
53,Surgery,True,True,1.0,not first-line month
54,Targeted,True,True,1.0,EGFR/ALK not eligible
54,Surgery,True,False,1.0,allowed
55,Targeted,True,True,1.0,EGFR/ALK not eligible
55,Surgery,True,True,1.0,not first-line month
56,Targeted,True,True,1.0,EGFR/ALK not eligible
56,Surgery,True,True,1.0,not first-line month
57,Targeted,True,True,1.0,EGFR/ALK not eligible
57,Surgery,True,True,1.0,not first-line month
58,Targeted,True,True,1.0,EGFR/ALK not eligible
58,Surgery,True,True,1.0,not first-line month
59,Targeted,True,True,1.0,EGFR/ALK not eligible
59,Immuno,True,False,1.0,allowed
59,Chemo,True,False,1.0,ECOG/perf_status > 2
59,Surgery,True,True,1.0,ECOG/perf_status > 2
60,Targeted,True,True,1.0,EGFR/ALK not eligible
60,Immuno,True,False,1.0,allowed
60,Chemo,True,False,1.0,ECOG/perf_status > 2
60,Surgery,True,True,1.0,not first-line month
61,Targeted,True,True,1.0,EGFR/ALK not eligible
61,Immuno,True,False,1.0,allowed
61,Chemo,True,False,1.0,ECOG/perf_status > 2
61,Surgery,True,True,1.0,not first-line month
62,Targeted,True,True,1.0,EGFR/ALK not eligible
62,Immuno,True,False,1.0,allowed
62,Chemo,True,False,1.0,ECOG/perf_status > 2
62,Surgery,True,True,1.0,not first-line month
63,Targeted,True,True,1.0,EGFR/ALK not eligible
63,Immuno,True,False,1.0,allowed
63,Chemo,True,False,1.0,ECOG/perf_status > 2
63,Surgery,True,True,1.0,not first-line month
64,Targeted,True,True,1.0,EGFR/ALK not eligible
64,Immuno,True,True,1.0,PD-L1 < 1%
64,Surgery,True,False,1.0,allowed
65,Targeted,True,True,1.0,EGFR/ALK not eligible
65,Immuno,True,True,1.0,PD-L1 < 1%
65,Surgery,True,True,1.0,not first-line month
66,Targeted,True,True,1.0,EGFR/ALK not eligible
66,Immuno,True,False,1.0,PD-L1 < 1%
66,Surgery,True,True,1.0,not first-line month
67,Targeted,True,True,1.0,EGFR/ALK not eligible
67,Immuno,True,True,1.0,PD-L1 < 1%
67,Surgery,True,True,1.0,not first-line month
68,Targeted,True,True,1.0,EGFR/ALK not eligible
68,Immuno,True,True,1.0,PD-L1 < 1%
68,Surgery,True,True,1.0,not first-line month
69,Surgery,True,False,1.0,allowed
70,Surgery,True,True,1.0,not first-line month
71,Surgery,True,True,1.0,not first-line month
72,Surgery,True,True,1.0,not first-line month
73,Surgery,True,True,1.0,not first-line month
74,Targeted,True,True,1.0,EGFR/ALK not eligible
74,Immuno,True,True,1.0,PD-L1 < 1%
74,Surgery,True,False,1.0,allowed
75,Targeted,True,True,1.0,EGFR/ALK not eligible
75,Immuno,True,True,1.0,PD-L1 < 1%
75,Surgery,True,True,1.0,not first-line month
76,Targeted,True,True,1.0,EGFR/ALK not eligible
76,Immuno,True,True,1.0,PD-L1 < 1%
76,Surgery,True,True,1.0,not first-line month
77,Targeted,True,True,1.0,EGFR/ALK not eligible
77,Immuno,True,True,1.0,PD-L1 < 1%
77,Surgery,True,True,1.0,not first-line month
78,Targeted,True,True,1.0,EGFR/ALK not eligible
78,Immuno,True,True,1.0,PD-L1 < 1%
78,Surgery,True,True,1.0,not first-line month
79,Targeted,True,True,1.0,EGFR/ALK not eligible
79,Surgery,True,False,1.0,allowed
80,Targeted,True,True,1.0,EGFR/ALK not eligible
80,Surgery,True,True,1.0,not first-line month
81,Targeted,True,True,1.0,EGFR/ALK not eligible
81,Surgery,True,True,1.0,not first-line month
82,Targeted,True,True,1.0,EGFR/ALK not eligible
82,Surgery,True,True,1.0,not first-line month
83,Targeted,True,True,1.0,EGFR/ALK not eligible
83,Surgery,True,True,1.0,not first-line month
84,Targeted,True,True,1.0,EGFR/ALK not eligible
84,Surgery,True,False,1.0,allowed
85,Targeted,True,True,1.0,EGFR/ALK not eligible
85,Surgery,True,True,1.0,not first-line month
86,Targeted,True,True,1.0,EGFR/ALK not eligible
86,Surgery,True,True,1.0,not first-line month
87,Targeted,True,True,1.0,EGFR/ALK not eligible
87,Surgery,True,True,1.0,not first-line month
88,Targeted,True,True,1.0,EGFR/ALK not eligible
88,Surgery,True,True,1.0,not first-line month
89,Targeted,True,True,1.0,EGFR/ALK not eligible
89,Surgery,True,True,1.0,not first-line month
90,Targeted,True,True,1.0,EGFR/ALK not eligible
90,Immuno,True,False,1.0,PD-L1 < 1%
90,Chemo,True,True,1.0,ECOG/perf_status > 2
90,Surgery,True,True,1.0,not first-line month
91,Targeted,True,True,1.0,EGFR/ALK not eligible
91,Immuno,True,False,1.0,PD-L1 < 1%
91,Chemo,True,True,1.0,ECOG/perf_status > 2
91,Surgery,True,True,1.0,not first-line month
92,Targeted,True,True,1.0,EGFR/ALK not eligible
92,Immuno,True,False,1.0,PD-L1 < 1%
92,Chemo,True,True,1.0,ECOG/perf_status > 2
92,Surgery,True,True,1.0,not first-line month
93,Targeted,True,True,1.0,EGFR/ALK not eligible
93,Immuno,True,True,1.0,PD-L1 < 1%
93,Surgery,True,False,1.0,allowed
94,Targeted,True,True,1.0,EGFR/ALK not eligible
94,Immuno,True,True,1.0,PD-L1 < 1%
94,Surgery,True,True,1.0,not first-line month
95,Targeted,True,True,1.0,EGFR/ALK not eligible
95,Immuno,True,True,1.0,PD-L1 < 1%
95,Surgery,True,True,1.0,not first-line month
96,Targeted,True,True,1.0,EGFR/ALK not eligible
96,Immuno,True,True,1.0,PD-L1 < 1%
96,Surgery,True,True,1.0,not first-line month
97,Targeted,True,True,1.0,EGFR/ALK not eligible
97,Immuno,True,True,1.0,PD-L1 < 1%
97,Surgery,True,True,1.0,not first-line month
98,Surgery,True,False,1.0,allowed
99,Surgery,True,True,1.0,not first-line month
100,Surgery,True,True,1.0,not first-line month
101,Surgery,True,True,1.0,not first-line month
102,Surgery,True,True,1.0,not first-line month
103,Targeted,True,True,1.0,EGFR/ALK not eligible
103,Immuno,True,True,1.0,PD-L1 < 1%
104,Targeted,True,True,1.0,EGFR/ALK not eligible
104,Immuno,True,True,1.0,PD-L1 < 1%
105,Targeted,True,True,1.0,EGFR/ALK not eligible
105,Immuno,True,True,1.0,PD-L1 < 1%
106,Targeted,True,True,1.0,EGFR/ALK not eligible
106,Immuno,True,True,1.0,PD-L1 < 1%
107,Targeted,True,True,1.0,EGFR/ALK not eligible
107,Immuno,True,True,1.0,PD-L1 < 1%
108,Targeted,True,False,1.0,allowed
108,Immuno,True,False,1.0,allowed
108,Chemo,True,False,1.0,ECOG/perf_status > 2
108,Surgery,True,True,1.0,ECOG/perf_status > 2
109,Targeted,True,False,1.0,allowed
109,Immuno,True,False,1.0,allowed
109,Chemo,True,False,1.0,ECOG/perf_status > 2
109,Surgery,True,True,1.0,not first-line month
110,Targeted,True,False,1.0,allowed
110,Immuno,True,False,1.0,allowed
110,Chemo,True,False,1.0,ECOG/perf_status > 2
110,Surgery,True,True,1.0,not first-line month
111,Targeted,True,False,1.0,allowed
111,Immuno,True,True,1.0,PD-L1 < 1%
111,Chemo,True,False,1.0,ECOG/perf_status > 2
111,Surgery,True,True,1.0,ECOG/perf_status > 2
112,Targeted,True,False,1.0,allowed
112,Immuno,True,True,1.0,PD-L1 < 1%
112,Chemo,True,False,1.0,ECOG/perf_status > 2
112,Surgery,True,True,1.0,not first-line month
113,Targeted,True,False,1.0,allowed
113,Immuno,True,True,1.0,PD-L1 < 1%
113,Chemo,True,False,1.0,ECOG/perf_status > 2
113,Surgery,True,True,1.0,not first-line month
114,Targeted,True,False,1.0,allowed
114,Immuno,True,True,1.0,PD-L1 < 1%
114,Chemo,True,False,1.0,ECOG/perf_status > 2
114,Surgery,True,True,1.0,not first-line month
115,Targeted,True,False,1.0,allowed
115,Immuno,True,True,1.0,PD-L1 < 1%
115,Chemo,True,False,1.0,ECOG/perf_status > 2
115,Surgery,True,True,1.0,not first-line month
116,Targeted,True,True,1.0,EGFR/ALK not eligible
117,Targeted,True,True,1.0,EGFR/ALK not eligible
117,Surgery,True,True,0.5,not first-line month
118,Targeted,True,True,1.0,EGFR/ALK not eligible
118,Surgery,True,True,0.5,not first-line month
119,Targeted,True,True,1.0,EGFR/ALK not eligible
120,Targeted,True,True,1.0,EGFR/ALK not eligible
120,Surgery,True,True,0.6666666666666666,not first-line month
121,Targeted,True,True,1.0,EGFR/ALK not eligible
121,Immuno,True,False,1.0,PD-L1 < 1%
121,Chemo,True,True,1.0,ECOG/perf_status > 2
121,Surgery,True,True,1.0,not first-line month
122,Targeted,True,True,1.0,EGFR/ALK not eligible
122,Immuno,True,False,1.0,PD-L1 < 1%
122,Chemo,True,False,1.0,ECOG/perf_status > 2
122,Surgery,True,True,1.0,not first-line month
123,Targeted,True,True,1.0,EGFR/ALK not eligible
123,Immuno,True,False,1.0,PD-L1 < 1%
123,Chemo,True,False,1.0,ECOG/perf_status > 2
123,Surgery,True,True,1.0,not first-line month
124,Immuno,True,True,1.0,PD-L1 < 1%
124,Surgery,True,False,1.0,allowed
125,Immuno,True,True,1.0,PD-L1 < 1%
125,Surgery,True,True,1.0,not first-line month
126,Immuno,True,True,1.0,PD-L1 < 1%
126,Surgery,True,True,1.0,not first-line month
127,Immuno,True,True,1.0,PD-L1 < 1%
127,Surgery,True,True,1.0,not first-line month
128,Immuno,True,True,1.0,PD-L1 < 1%
128,Surgery,True,True,1.0,not first-line month
129,Surgery,True,False,1.0,allowed
130,Surgery,True,True,1.0,not first-line month
131,Targeted,True,True,1.0,EGFR/ALK not eligible
131,Surgery,True,True,1.0,not first-line month
132,Surgery,True,True,1.0,not first-line month
133,Surgery,True,True,1.0,not first-line month
134,Surgery,True,True,1.0,not first-line month
135,Targeted,True,True,1.0,EGFR/ALK not eligible
135,Immuno,True,True,1.0,PD-L1 < 1%
135,Surgery,True,False,1.0,allowed
136,Targeted,True,True,1.0,EGFR/ALK not eligible
136,Immuno,True,True,1.0,PD-L1 < 1%
136,Surgery,True,True,1.0,not first-line month
137,Targeted,True,True,1.0,EGFR/ALK not eligible
137,Surgery,True,False,1.0,allowed
138,Targeted,True,True,1.0,EGFR/ALK not eligible
138,Surgery,True,True,1.0,not first-line month
139,Targeted,True,True,1.0,EGFR/ALK not eligible
139,Surgery,True,True,0.5,not first-line month
140,Targeted,True,True,1.0,EGFR/ALK not eligible
140,Surgery,True,True,1.0,not first-line month
141,Immuno,True,True,1.0,PD-L1 < 1%
141,Surgery,True,False,1.0,allowed
142,Immuno,True,True,1.0,PD-L1 < 1%
142,Surgery,True,True,1.0,not first-line month
143,Immuno,True,True,1.0,PD-L1 < 1%
143,Surgery,True,True,1.0,not first-line month
144,Immuno,True,True,1.0,PD-L1 < 1%
144,Surgery,True,True,1.0,not first-line month
145,Immuno,True,True,1.0,PD-L1 < 1%
145,Surgery,True,True,1.0,not first-line month
146,Targeted,True,True,1.0,EGFR/ALK not eligible
146,Surgery,True,False,0.5,allowed
147,Targeted,True,True,1.0,EGFR/ALK not eligible
147,Surgery,True,True,0.5,not first-line month
148,Targeted,True,True,1.0,EGFR/ALK not eligible
148,Surgery,True,True,0.6666666666666666,not first-line month
149,Targeted,True,True,1.0,EGFR/ALK not eligible
149,Surgery,True,True,0.5,not first-line month
150,Targeted,True,True,1.0,EGFR/ALK not eligible
150,Immuno,True,True,1.0,PD-L1 < 1%
150,Surgery,True,False,1.0,allowed
151,Targeted,True,True,1.0,EGFR/ALK not eligible
151,Immuno,True,True,1.0,PD-L1 < 1%
151,Surgery,True,True,1.0,not first-line month
152,Targeted,True,True,1.0,EGFR/ALK not eligible
152,Immuno,True,True,1.0,PD-L1 < 1%
152,Surgery,True,True,1.0,not first-line month
153,Targeted,True,True,1.0,EGFR/ALK not eligible
153,Immuno,True,True,1.0,PD-L1 < 1%
153,Surgery,True,True,1.0,not first-line month
154,Targeted,True,True,1.0,EGFR/ALK not eligible
154,Immuno,True,True,1.0,PD-L1 < 1%
154,Surgery,True,True,1.0,not first-line month
160,Targeted,True,True,1.0,EGFR/ALK not eligible
160,Immuno,True,True,1.0,PD-L1 < 1%
160,Surgery,True,True,1.0,not first-line month
161,Targeted,True,True,1.0,EGFR/ALK not eligible
161,Immuno,True,True,1.0,PD-L1 < 1%
161,Surgery,True,False,1.0,allowed
162,Targeted,True,True,1.0,EGFR/ALK not eligible
162,Immuno,True,True,1.0,PD-L1 < 1%
163,Targeted,True,True,1.0,EGFR/ALK not eligible
163,Immuno,True,True,1.0,PD-L1 < 1%
164,Targeted,True,True,1.0,EGFR/ALK not eligible
164,Immuno,True,True,1.0,PD-L1 < 1%
165,Targeted,True,True,1.0,EGFR/ALK not eligible
165,Immuno,True,True,1.0,PD-L1 < 1%
166,Targeted,True,True,1.0,EGFR/ALK not eligible
166,Immuno,True,True,1.0,PD-L1 < 1%
167,Targeted,True,False,1.0,allowed
167,Immuno,True,True,1.0,PD-L1 < 1%
167,Chemo,True,False,1.0,ECOG/perf_status > 2
167,Surgery,True,True,1.0,ECOG/perf_status > 2
168,Targeted,True,False,1.0,allowed
168,Immuno,True,True,1.0,PD-L1 < 1%
168,Chemo,True,False,1.0,ECOG/perf_status > 2
168,Surgery,True,True,1.0,not first-line month
169,Targeted,True,False,1.0,allowed
169,Immuno,True,True,1.0,PD-L1 < 1%
169,Chemo,True,False,1.0,ECOG/perf_status > 2
169,Surgery,True,True,1.0,not first-line month
170,Targeted,True,False,1.0,allowed
170,Immuno,True,True,1.0,PD-L1 < 1%
170,Chemo,True,False,1.0,ECOG/perf_status > 2
170,Surgery,True,True,1.0,not first-line month
171,Targeted,True,False,1.0,allowed
171,Immuno,True,True,1.0,PD-L1 < 1%
171,Chemo,True,False,1.0,ECOG/perf_status > 2
171,Surgery,True,True,1.0,not first-line month
172,Targeted,True,True,1.0,EGFR/ALK not eligible
172,Surgery,True,False,1.0,allowed
173,Targeted,True,True,1.0,EGFR/ALK not eligible
173,Surgery,True,True,1.0,not first-line month
174,Targeted,True,True,1.0,EGFR/ALK not eligible
174,Surgery,True,True,1.0,not first-line month
175,Targeted,True,False,1.0,allowed
175,Immuno,True,True,1.0,PD-L1 < 1%
175,Chemo,True,False,1.0,ECOG/perf_status > 2
175,Surgery,True,False,1.0,ECOG/perf_status > 2
176,Targeted,True,False,1.0,allowed
176,Immuno,True,True,1.0,PD-L1 < 1%
176,Chemo,True,False,1.0,ECOG/perf_status > 2
176,Surgery,True,False,1.0,not first-line month
177,Targeted,True,False,1.0,allowed
177,Immuno,True,True,1.0,PD-L1 < 1%
177,Chemo,True,False,1.0,ECOG/perf_status > 2
177,Surgery,True,False,1.0,not first-line month
178,Targeted,True,False,1.0,allowed
178,Immuno,True,True,1.0,PD-L1 < 1%
178,Chemo,True,True,1.0,ECOG/perf_status > 2
178,Surgery,True,False,1.0,not first-line month
179,Targeted,True,False,1.0,allowed
179,Immuno,True,True,1.0,PD-L1 < 1%
179,Chemo,True,True,1.0,ECOG/perf_status > 2
179,Surgery,True,False,1.0,not first-line month
180,Targeted,True,True,1.0,EGFR/ALK not eligible
180,Immuno,True,False,1.0,PD-L1 < 1%
180,Surgery,True,True,1.0,not first-line month
181,Targeted,True,True,1.0,EGFR/ALK not eligible
181,Immuno,True,False,1.0,PD-L1 < 1%
181,Surgery,True,True,1.0,not first-line month
182,Targeted,True,True,1.0,EGFR/ALK not eligible
182,Surgery,True,True,1.0,not first-line month
183,Targeted,True,True,1.0,EGFR/ALK not eligible
183,Surgery,True,True,1.0,not first-line month
184,Targeted,True,True,1.0,EGFR/ALK not eligible
184,Surgery,True,True,1.0,not first-line month
185,Targeted,True,True,1.0,EGFR/ALK not eligible
185,Surgery,True,True,1.0,not first-line month
186,Targeted,True,True,1.0,EGFR/ALK not eligible
186,Surgery,True,True,1.0,not first-line month
187,Targeted,True,True,1.0,EGFR/ALK not eligible
187,Immuno,True,False,1.0,allowed
187,Chemo,True,False,1.0,ECOG/perf_status > 2
187,Surgery,True,True,1.0,ECOG/perf_status > 2
188,Targeted,True,True,1.0,EGFR/ALK not eligible
188,Immuno,True,False,1.0,allowed
188,Chemo,True,False,1.0,ECOG/perf_status > 2
188,Surgery,True,True,1.0,not first-line month
189,Targeted,True,True,1.0,EGFR/ALK not eligible
189,Immuno,True,False,1.0,allowed
189,Chemo,True,False,1.0,ECOG/perf_status > 2
189,Surgery,True,True,1.0,not first-line month
190,Targeted,True,True,1.0,EGFR/ALK not eligible
190,Immuno,True,False,1.0,allowed
190,Chemo,True,True,1.0,ECOG/perf_status > 2
190,Surgery,True,True,1.0,not first-line month
191,Targeted,True,True,1.0,EGFR/ALK not eligible
191,Immuno,True,False,1.0,allowed
191,Chemo,True,True,1.0,ECOG/perf_status > 2
191,Surgery,True,True,1.0,not first-line month
192,Surgery,True,False,1.0,allowed
193,Surgery,True,True,1.0,not first-line month
194,Surgery,True,True,1.0,not first-line month
195,Surgery,True,True,1.0,not first-line month
196,Surgery,True,True,1.0,not first-line month
197,Targeted,True,True,1.0,EGFR/ALK not eligible
197,Immuno,True,False,1.0,allowed
197,Chemo,True,False,1.0,ECOG/perf_status > 2
197,Surgery,True,True,1.0,ECOG/perf_status > 2
198,Targeted,True,True,1.0,EGFR/ALK not eligible
198,Immuno,True,False,1.0,allowed
198,Chemo,True,True,1.0,ECOG/perf_status > 2
198,Surgery,True,False,1.0,not first-line month
199,Targeted,True,True,1.0,EGFR/ALK not eligible
199,Immuno,True,False,1.0,allowed
199,Chemo,True,True,1.0,ECOG/perf_status > 2
199,Surgery,True,False,1.0,not first-line month
200,Targeted,True,True,1.0,EGFR/ALK not eligible
200,Immuno,True,False,1.0,allowed
200,Chemo,True,True,1.0,ECOG/perf_status > 2
200,Surgery,True,False,1.0,not first-line month
201,Targeted,True,True,1.0,EGFR/ALK not eligible
201,Immuno,True,False,1.0,allowed
201,Chemo,True,True,1.0,ECOG/perf_status > 2
201,Surgery,True,False,1.0,not first-line month
202,Targeted,True,True,1.0,EGFR/ALK not eligible
202,Immuno,True,True,1.0,PD-L1 < 1%
202,Surgery,True,True,1.0,not first-line month
203,Targeted,True,True,1.0,EGFR/ALK not eligible
203,Immuno,True,True,1.0,PD-L1 < 1%
203,Surgery,True,True,1.0,not first-line month
204,Targeted,True,True,1.0,EGFR/ALK not eligible
204,Immuno,True,True,1.0,PD-L1 < 1%
204,Surgery,True,True,1.0,not first-line month
205,Targeted,True,True,1.0,EGFR/ALK not eligible
205,Immuno,True,True,1.0,PD-L1 < 1%
205,Surgery,True,True,1.0,not first-line month
206,Immuno,True,True,1.0,PD-L1 < 1%
206,Surgery,True,False,1.0,allowed
207,Immuno,True,True,1.0,PD-L1 < 1%
207,Surgery,True,True,1.0,not first-line month
208,Targeted,True,True,1.0,EGFR/ALK not eligible
208,Immuno,True,True,1.0,PD-L1 < 1%
208,Chemo,True,False,1.0,ECOG/perf_status > 2
208,Surgery,True,True,1.0,ECOG/perf_status > 2
209,Targeted,True,True,1.0,EGFR/ALK not eligible
209,Immuno,True,True,1.0,PD-L1 < 1%
209,Chemo,True,False,1.0,ECOG/perf_status > 2
209,Surgery,True,True,1.0,not first-line month
210,Targeted,True,True,1.0,EGFR/ALK not eligible
210,Immuno,True,True,1.0,PD-L1 < 1%
210,Chemo,True,False,1.0,ECOG/perf_status > 2
210,Surgery,True,True,1.0,not first-line month
211,Targeted,True,True,1.0,EGFR/ALK not eligible
211,Immuno,True,True,1.0,PD-L1 < 1%
211,Chemo,True,False,1.0,ECOG/perf_status > 2
211,Surgery,True,True,1.0,not first-line month
212,Targeted,True,True,1.0,EGFR/ALK not eligible
212,Immuno,True,True,1.0,PD-L1 < 1%
212,Chemo,True,False,1.0,ECOG/perf_status > 2
212,Surgery,True,True,1.0,not first-line month
213,Immuno,True,True,1.0,PD-L1 < 1%
213,Surgery,True,False,1.0,allowed
214,Immuno,True,True,1.0,PD-L1 < 1%
214,Surgery,True,True,1.0,not first-line month
215,Immuno,True,True,1.0,PD-L1 < 1%
215,Surgery,True,True,1.0,not first-line month
216,Immuno,True,True,1.0,PD-L1 < 1%
216,Surgery,True,True,1.0,not first-line month
217,Immuno,True,True,1.0,PD-L1 < 1%
217,Surgery,True,True,1.0,not first-line month
218,Targeted,True,True,1.0,EGFR/ALK not eligible
218,Immuno,True,True,1.0,PD-L1 < 1%
218,Surgery,True,True,1.0,not first-line month
219,Targeted,True,True,1.0,EGFR/ALK not eligible
219,Immuno,True,True,1.0,PD-L1 < 1%
219,Surgery,True,True,1.0,not first-line month
220,Targeted,True,True,1.0,EGFR/ALK not eligible
220,Immuno,True,True,1.0,PD-L1 < 1%
220,Surgery,True,True,1.0,not first-line month
221,Targeted,True,True,1.0,EGFR/ALK not eligible
221,Immuno,True,True,1.0,PD-L1 < 1%
221,Chemo,True,False,1.0,ECOG/perf_status > 2
221,Surgery,True,True,1.0,not first-line month
222,Targeted,True,True,1.0,EGFR/ALK not eligible
222,Surgery,True,False,1.0,allowed
223,Targeted,True,True,1.0,EGFR/ALK not eligible
223,Surgery,True,True,1.0,not first-line month
224,Targeted,True,True,1.0,EGFR/ALK not eligible
224,Surgery,True,True,1.0,not first-line month
225,Targeted,True,True,1.0,EGFR/ALK not eligible
225,Surgery,True,True,1.0,not first-line month
226,Targeted,True,True,1.0,EGFR/ALK not eligible
226,Surgery,True,True,1.0,not first-line month
227,Targeted,True,True,1.0,EGFR/ALK not eligible
227,Immuno,True,False,1.0,allowed
227,Chemo,True,False,1.0,ECOG/perf_status > 2
227,Surgery,True,True,1.0,not first-line month
228,Targeted,True,True,1.0,EGFR/ALK not eligible
228,Immuno,True,False,1.0,allowed
228,Chemo,True,True,1.0,ECOG/perf_status > 2
228,Surgery,True,True,1.0,not first-line month
229,Targeted,True,True,1.0,EGFR/ALK not eligible
229,Immuno,True,False,1.0,allowed
229,Chemo,True,True,1.0,ECOG/perf_status > 2
229,Surgery,True,True,1.0,not first-line month
230,Targeted,True,True,1.0,EGFR/ALK not eligible
230,Immuno,True,False,1.0,allowed
230,Chemo,True,True,1.0,ECOG/perf_status > 2
230,Surgery,True,True,1.0,not first-line month
231,Immuno,True,True,1.0,PD-L1 < 1%
231,Surgery,True,False,1.0,allowed
232,Immuno,True,True,1.0,PD-L1 < 1%
232,Surgery,True,True,1.0,not first-line month
233,Immuno,True,True,1.0,PD-L1 < 1%
233,Surgery,True,True,1.0,not first-line month
234,Immuno,True,True,1.0,PD-L1 < 1%
234,Surgery,True,True,1.0,not first-line month
235,Targeted,True,True,1.0,EGFR/ALK not eligible
235,Immuno,True,True,1.0,PD-L1 < 1%
235,Chemo,True,False,1.0,ECOG/perf_status > 2
235,Surgery,True,True,1.0,ECOG/perf_status > 2
236,Targeted,True,True,1.0,EGFR/ALK not eligible
236,Immuno,True,True,1.0,PD-L1 < 1%
236,Chemo,True,False,1.0,ECOG/perf_status > 2
236,Surgery,True,True,1.0,not first-line month
237,Targeted,True,True,1.0,EGFR/ALK not eligible
237,Immuno,True,True,1.0,PD-L1 < 1%
237,Chemo,True,False,1.0,ECOG/perf_status > 2
237,Surgery,True,True,1.0,not first-line month
238,Targeted,True,True,1.0,EGFR/ALK not eligible
238,Immuno,True,True,1.0,PD-L1 < 1%
238,Surgery,True,True,0.5,not first-line month
239,Targeted,True,True,1.0,EGFR/ALK not eligible
239,Immuno,True,True,1.0,PD-L1 < 1%
239,Surgery,True,True,0.5,not first-line month
240,Targeted,True,True,1.0,EGFR/ALK not eligible
240,Immuno,True,True,1.0,PD-L1 < 1%
241,Targeted,True,True,1.0,EGFR/ALK not eligible
241,Immuno,True,True,1.0,PD-L1 < 1%
242,Targeted,True,True,1.0,EGFR/ALK not eligible
242,Immuno,True,True,1.0,PD-L1 < 1%
243,Targeted,True,True,1.0,EGFR/ALK not eligible
243,Immuno,True,True,1.0,PD-L1 < 1%
244,Targeted,True,True,1.0,EGFR/ALK not eligible
244,Immuno,True,False,1.0,allowed
244,Chemo,True,False,1.0,ECOG/perf_status > 2
244,Surgery,True,True,1.0,ECOG/perf_status > 2
245,Targeted,True,True,1.0,EGFR/ALK not eligible
245,Immuno,True,False,1.0,allowed
245,Chemo,True,False,1.0,ECOG/perf_status > 2
245,Surgery,True,True,1.0,not first-line month
246,Targeted,True,True,1.0,EGFR/ALK not eligible
246,Immuno,True,False,1.0,allowed
246,Chemo,True,False,1.0,ECOG/perf_status > 2
246,Surgery,True,True,1.0,not first-line month
247,Targeted,True,True,1.0,EGFR/ALK not eligible
247,Immuno,True,False,1.0,allowed
247,Chemo,True,False,1.0,ECOG/perf_status > 2
247,Surgery,True,True,1.0,not first-line month
248,Targeted,True,True,1.0,EGFR/ALK not eligible
248,Immuno,True,False,1.0,allowed
248,Chemo,True,False,1.0,ECOG/perf_status > 2
248,Surgery,True,True,1.0,not first-line month
249,Targeted,True,True,1.0,EGFR/ALK not eligible
249,Immuno,True,True,1.0,PD-L1 < 1%
249,Surgery,True,False,1.0,allowed
250,Targeted,True,True,1.0,EGFR/ALK not eligible
250,Immuno,True,True,1.0,PD-L1 < 1%
250,Surgery,True,True,1.0,not first-line month
251,Targeted,True,True,1.0,EGFR/ALK not eligible
251,Immuno,True,True,1.0,PD-L1 < 1%
251,Surgery,True,True,1.0,not first-line month
252,Targeted,True,True,1.0,EGFR/ALK not eligible
252,Immuno,True,True,1.0,PD-L1 < 1%
252,Surgery,True,True,1.0,not first-line month
253,Targeted,True,True,1.0,EGFR/ALK not eligible
253,Immuno,True,False,1.0,allowed
253,Chemo,True,False,1.0,ECOG/perf_status > 2
253,Surgery,True,True,1.0,ECOG/perf_status > 2
254,Targeted,True,True,1.0,EGFR/ALK not eligible
254,Immuno,True,False,1.0,allowed
254,Chemo,True,False,1.0,ECOG/perf_status > 2
254,Surgery,True,True,1.0,not first-line month
255,Targeted,True,True,1.0,EGFR/ALK not eligible
255,Immuno,True,False,1.0,allowed
255,Chemo,True,False,1.0,ECOG/perf_status > 2
255,Surgery,True,True,1.0,not first-line month
256,Targeted,True,True,1.0,EGFR/ALK not eligible
256,Immuno,True,False,1.0,allowed
256,Chemo,True,False,1.0,ECOG/perf_status > 2
256,Surgery,True,True,1.0,not first-line month
257,Targeted,True,True,1.0,EGFR/ALK not eligible
257,Immuno,True,False,1.0,allowed
257,Chemo,True,False,1.0,ECOG/perf_status > 2
257,Surgery,True,True,1.0,not first-line month
258,Targeted,True,True,1.0,EGFR/ALK not eligible
258,Immuno,True,False,1.0,allowed
258,Chemo,True,False,1.0,ECOG/perf_status > 2
258,Surgery,True,True,1.0,not first-line month
259,Targeted,True,True,1.0,EGFR/ALK not eligible
259,Surgery,True,True,1.0,not first-line month
260,Targeted,True,True,1.0,EGFR/ALK not eligible
260,Immuno,True,True,1.0,PD-L1 < 1%
260,Surgery,True,True,1.0,not first-line month
261,Targeted,True,True,1.0,EGFR/ALK not eligible
261,Immuno,True,False,1.0,PD-L1 < 1%
261,Surgery,True,True,1.0,not first-line month
262,Targeted,True,True,1.0,EGFR/ALK not eligible
262,Immuno,True,False,1.0,allowed
262,Chemo,True,False,1.0,ECOG/perf_status > 2
262,Surgery,True,True,1.0,not first-line month
263,Targeted,True,True,1.0,EGFR/ALK not eligible
263,Immuno,True,False,1.0,allowed
263,Chemo,True,False,1.0,ECOG/perf_status > 2
263,Surgery,True,True,1.0,not first-line month
264,Targeted,True,True,1.0,EGFR/ALK not eligible
265,Targeted,True,True,1.0,EGFR/ALK not eligible
266,Targeted,True,True,1.0,EGFR/ALK not eligible
267,Targeted,True,True,1.0,EGFR/ALK not eligible
268,Targeted,True,True,1.0,EGFR/ALK not eligible
269,Targeted,True,True,1.0,EGFR/ALK not eligible
269,Immuno,True,False,1.0,PD-L1 < 1%
269,Surgery,True,True,1.0,not first-line month
270,Targeted,True,True,1.0,EGFR/ALK not eligible
270,Immuno,True,False,1.0,PD-L1 < 1%
270,Surgery,True,True,1.0,not first-line month
271,Targeted,True,True,1.0,EGFR/ALK not eligible
271,Immuno,True,True,1.0,PD-L1 < 1%
271,Surgery,True,False,1.0,allowed
272,Targeted,True,True,1.0,EGFR/ALK not eligible
272,Immuno,True,True,1.0,PD-L1 < 1%
272,Surgery,True,True,1.0,not first-line month
273,Targeted,True,True,1.0,EGFR/ALK not eligible
273,Immuno,True,True,1.0,PD-L1 < 1%
273,Surgery,True,True,1.0,not first-line month
274,Targeted,True,True,1.0,EGFR/ALK not eligible
274,Immuno,True,True,1.0,PD-L1 < 1%
274,Surgery,True,True,1.0,not first-line month
275,Targeted,True,True,1.0,EGFR/ALK not eligible
275,Immuno,True,False,1.0,allowed
275,Chemo,True,False,1.0,ECOG/perf_status > 2
275,Surgery,True,True,1.0,ECOG/perf_status > 2
276,Targeted,True,True,1.0,EGFR/ALK not eligible
276,Immuno,True,False,1.0,allowed
276,Chemo,True,True,1.0,ECOG/perf_status > 2
276,Surgery,True,True,1.0,not first-line month
277,Targeted,True,True,1.0,EGFR/ALK not eligible
277,Immuno,True,True,1.0,PD-L1 < 1%
277,Surgery,True,True,1.0,not first-line month
278,Targeted,True,True,1.0,EGFR/ALK not eligible
278,Surgery,True,False,1.0,allowed
279,Targeted,True,True,1.0,EGFR/ALK not eligible
279,Surgery,True,True,1.0,not first-line month
280,Targeted,True,True,1.0,EGFR/ALK not eligible
280,Surgery,True,True,1.0,not first-line month
281,Targeted,True,True,1.0,EGFR/ALK not eligible
281,Surgery,True,True,1.0,not first-line month
282,Targeted,True,True,1.0,EGFR/ALK not eligible
282,Surgery,True,True,1.0,not first-line month
283,Targeted,True,True,1.0,EGFR/ALK not eligible
283,Surgery,True,True,1.0,not first-line month
284,Targeted,True,True,1.0,EGFR/ALK not eligible
284,Immuno,True,False,1.0,allowed
284,Chemo,True,False,1.0,ECOG/perf_status > 2
284,Surgery,True,False,1.0,not first-line month
285,Targeted,True,True,1.0,EGFR/ALK not eligible
285,Immuno,True,False,1.0,allowed
285,Chemo,True,False,1.0,ECOG/perf_status > 2
285,Surgery,True,False,1.0,not first-line month
286,Targeted,True,False,1.0,allowed
286,Immuno,True,True,1.0,PD-L1 < 1%
286,Chemo,True,False,1.0,ECOG/perf_status > 2
286,Surgery,True,True,1.0,not first-line month
287,Targeted,True,False,1.0,allowed
287,Immuno,True,True,1.0,PD-L1 < 1%
287,Chemo,True,True,1.0,ECOG/perf_status > 2
287,Surgery,True,True,1.0,not first-line month
288,Targeted,True,False,1.0,allowed
288,Immuno,True,True,1.0,PD-L1 < 1%
288,Chemo,True,True,1.0,ECOG/perf_status > 2
288,Surgery,True,True,1.0,not first-line month
289,Targeted,True,False,1.0,allowed
289,Immuno,True,True,1.0,PD-L1 < 1%
289,Chemo,True,True,1.0,ECOG/perf_status > 2
289,Surgery,True,True,1.0,not first-line month
290,Targeted,True,True,1.0,EGFR/ALK not eligible
290,Surgery,True,False,1.0,allowed
291,Targeted,True,True,1.0,EGFR/ALK not eligible
291,Surgery,True,True,1.0,not first-line month
292,Targeted,True,True,1.0,EGFR/ALK not eligible
292,Surgery,True,True,1.0,not first-line month
293,Targeted,True,True,1.0,EGFR/ALK not eligible
293,Surgery,True,False,1.0,allowed
294,Targeted,True,True,1.0,EGFR/ALK not eligible
294,Surgery,True,True,1.0,not first-line month
295,Targeted,True,True,1.0,EGFR/ALK not eligible
295,Surgery,True,True,1.0,not first-line month
296,Targeted,True,True,1.0,EGFR/ALK not eligible
296,Surgery,True,True,1.0,not first-line month
297,Targeted,True,True,1.0,EGFR/ALK not eligible
297,Immuno,True,True,1.0,PD-L1 < 1%
297,Chemo,True,False,1.0,ECOG/perf_status > 2
297,Surgery,True,True,1.0,not first-line month
298,Targeted,True,True,1.0,EGFR/ALK not eligible
298,Immuno,True,True,1.0,PD-L1 < 1%
298,Surgery,True,True,1.0,not first-line month
299,Targeted,True,True,1.0,EGFR/ALK not eligible
299,Immuno,True,True,1.0,PD-L1 < 1%
299,Surgery,True,True,1.0,not first-line month
300,Targeted,True,True,1.0,EGFR/ALK not eligible
300,Surgery,True,False,1.0,allowed
301,Targeted,True,True,1.0,EGFR/ALK not eligible
301,Surgery,True,True,1.0,not first-line month
302,Targeted,True,True,1.0,EGFR/ALK not eligible
302,Surgery,True,True,1.0,not first-line month
303,Targeted,True,True,1.0,EGFR/ALK not eligible
303,Surgery,True,True,1.0,not first-line month
304,Targeted,True,True,1.0,EGFR/ALK not eligible
304,Surgery,True,True,1.0,not first-line month
305,Targeted,True,True,1.0,EGFR/ALK not eligible
305,Surgery,True,False,1.0,allowed
306,Targeted,True,True,1.0,EGFR/ALK not eligible
306,Surgery,True,True,1.0,not first-line month
307,Targeted,True,True,1.0,EGFR/ALK not eligible
307,Surgery,True,True,1.0,not first-line month
308,Targeted,True,True,1.0,EGFR/ALK not eligible
308,Surgery,True,True,1.0,not first-line month
309,Targeted,True,True,1.0,EGFR/ALK not eligible
309,Surgery,True,False,1.0,not first-line month
310,Targeted,True,True,1.0,EGFR/ALK not eligible
310,Surgery,True,False,1.0,allowed
311,Targeted,True,True,1.0,EGFR/ALK not eligible
311,Surgery,True,True,1.0,not first-line month
312,Targeted,True,True,1.0,EGFR/ALK not eligible
312,Surgery,True,True,1.0,not first-line month
313,Targeted,True,True,1.0,EGFR/ALK not eligible
313,Surgery,True,True,1.0,not first-line month
314,Targeted,True,True,1.0,EGFR/ALK not eligible
314,Surgery,True,True,1.0,not first-line month
315,Targeted,True,False,1.0,allowed
315,Immuno,True,False,1.0,allowed
315,Chemo,True,False,1.0,ECOG/perf_status > 2
315,Surgery,True,True,1.0,ECOG/perf_status > 2
316,Targeted,True,False,1.0,allowed
316,Immuno,True,False,1.0,allowed
316,Chemo,True,False,1.0,ECOG/perf_status > 2
316,Surgery,True,True,1.0,not first-line month
317,Targeted,True,False,1.0,allowed
317,Immuno,True,False,1.0,allowed
317,Chemo,True,False,1.0,ECOG/perf_status > 2
317,Surgery,True,True,1.0,not first-line month
318,Targeted,True,False,1.0,allowed
318,Immuno,True,False,1.0,allowed
318,Chemo,True,False,1.0,ECOG/perf_status > 2
318,Surgery,True,True,1.0,not first-line month
319,Targeted,True,False,1.0,allowed
319,Immuno,True,False,1.0,allowed
319,Chemo,True,False,1.0,ECOG/perf_status > 2
319,Surgery,True,True,1.0,not first-line month
321,Surgery,False,True,0.0,allowed
322,Surgery,False,True,0.0,allowed
323,Surgery,False,True,0.0,allowed
324,Targeted,True,False,1.0,EGFR/ALK not eligible
324,Immuno,True,False,1.0,allowed
324,Chemo,True,False,1.0,ECOG/perf_status > 2
324,Surgery,True,False,1.0,not first-line month
325,Targeted,True,False,1.0,EGFR/ALK not eligible
325,Immuno,True,False,1.0,allowed
325,Chemo,True,False,1.0,ECOG/perf_status > 2
325,Surgery,True,False,1.0,not first-line month
326,Targeted,True,True,1.0,EGFR/ALK not eligible
326,Surgery,True,True,1.0,not first-line month
