em_iters,seed,runtime_sec,mse,precision,recall,f1,mcc,weight_cosine_sim_expert1_grass,weight_cosine_sim_expert2_rock,cluster_ari
1,0,0.42188286781311035,0.015625,1.0,0.8,0.888888888888889,0.8869423130433379,0.700703156557056,0.09387076098048255,0.18644731049550797
1,1,0.49335289001464844,0.015625,1.0,0.8,0.888888888888889,0.8869423130433379,0.7328461813218966,0.2632699839114464,0.4036631352127851
1,2,0.4109077453613281,0.015625,1.0,0.8,0.888888888888889,0.8869423130433379,0.7537820376823953,0.6110753236628831,0.33041840441275394
1,3,0.4265120029449463,0.015625,1.0,0.8,0.888888888888889,0.8869423130433379,0.5230039623097026,0.1795276129479846,0.37885106955468856
1,4,0.5046839714050293,0.015625,1.0,0.8,0.888888888888889,0.8869423130433379,0.4082948390926899,0.6735706390158295,0.16978849748909497
1,5,0.46158695220947266,0.015625,1.0,0.8,0.888888888888889,0.8869423130433379,0.6305068514376526,0.15935971900616325,0.40381884944920443
1,6,0.5625343322753906,0.015625,1.0,0.8,0.888888888888889,0.8869423130433379,0.8498670463427659,-0.06848925914355827,0.30677700519048084
1,7,0.4212801456451416,0.015625,1.0,0.8,0.888888888888889,0.8869423130433379,0.6096475612345994,0.36238108068199704,0.0364963503649635
1,8,0.4206089973449707,0.015625,1.0,0.8,0.888888888888889,0.8869423130433379,0.4926148237752987,0.4967100455326799,0.3077261613691932
1,9,0.4636819362640381,0.015625,1.0,0.8,0.888888888888889,0.8869423130433379,0.5185948225080678,0.07464040597007914,0.2439793262710311
1,10,0.6133921146392822,0.015625,1.0,0.8,0.888888888888889,0.8869423130433379,0.9113918763813544,0.33821693750299936,0.5431347187256458
1,11,0.5649561882019043,0.015625,1.0,0.8,0.888888888888889,0.8869423130433379,0.8520235722548735,-0.05083697500268554,0.061765889714222984
1,12,0.5293068885803223,0.015625,1.0,0.8,0.888888888888889,0.8869423130433379,0.618623290874088,0.27035749778857765,0.002427096100870114
1,13,0.5244929790496826,0.015625,1.0,0.8,0.888888888888889,0.8869423130433379,0.9068277636381744,0.33411645888047514,0.18761295364626582
1,14,0.44338202476501465,0.015625,1.0,0.8,0.888888888888889,0.8869423130433379,0.37374451583778084,0.35224899979819163,0.18728214483500016
3,0,1.102308988571167,0.015625,1.0,0.8,0.888888888888889,0.8869423130433379,0.7340733541976996,0.4038417261390432,0.37814121113918264
3,1,1.1829519271850586,0.015625,1.0,0.8,0.888888888888889,0.8869423130433379,0.7764098078694728,0.6379174768230954,0.4302338386990199
3,2,1.0603089332580566,0.015625,1.0,0.8,0.888888888888889,0.8869423130433379,0.7893082029607851,0.8297815510975688,0.40405226838937014
3,3,1.0738391876220703,0.015625,1.0,0.8,0.888888888888889,0.8869423130433379,0.648526667929897,0.38904464682281376,0.48515105906537936
3,4,1.2339019775390625,0.015625,1.0,0.8,0.888888888888889,0.8869423130433379,0.4901100719029615,0.8146053127759658,0.18761295364626582
3,5,1.1799297332763672,0.015625,1.0,0.8,0.888888888888889,0.8869423130433379,0.7206639468503085,0.474568480564683,0.4570561159533836
3,6,1.329246997833252,0.015625,1.0,0.8,0.888888888888889,0.8869423130433379,0.8872257466235296,0.5629426629962698,0.3782427188031781
3,7,1.1437387466430664,0.015625,1.0,0.8,0.888888888888889,0.8869423130433379,0.6798704400994203,0.6332660151048483,0.37854704306009324
3,8,1.1150951385498047,0.015625,1.0,0.8,0.888888888888889,0.8869423130433379,0.579673046214978,0.7153450954939308,0.5137714975687759
3,9,1.2060091495513916,0.015625,1.0,0.8,0.888888888888889,0.8869423130433379,0.5717815255936334,0.25420408329047794,0.48505024049347056
3,10,1.332399845123291,0.015625,1.0,0.8,0.888888888888889,0.8869423130433379,0.8655533429816715,0.6863701922419352,0.5734638922888617
3,11,1.2808241844177246,0.015625,1.0,0.8,0.888888888888889,0.8869423130433379,0.8668010108192469,0.2022686146897662,0.3075116988146288
3,12,1.221081018447876,0.015625,1.0,0.8,0.888888888888889,0.8869423130433379,0.5546678062286955,0.5111954536101792,0.40381884944920443
3,13,1.2401893138885498,0.015625,1.0,0.8,0.888888888888889,0.8869423130433379,0.9252417125127178,0.4367121840866736,0.2439793262710311
3,14,1.1450269222259521,0.015625,1.0,0.8,0.888888888888889,0.8869423130433379,0.5241263814103408,0.5077576707407861,0.24323960715727164
6,0,2.115186929702759,0.015625,1.0,0.8,0.888888888888889,0.8869423130433379,0.8085922346503682,0.560564336602233,0.37814121113918264
6,1,2.242587089538574,0.015625,1.0,0.8,0.888888888888889,0.8869423130433379,0.7991700852102136,0.7818320747021479,0.4302338386990199
6,2,2.1338508129119873,0.015625,1.0,0.8,0.888888888888889,0.8869423130433379,0.8563698046620027,0.8697249671149625,0.5733524869815048
6,3,2.1663029193878174,0.015625,1.0,0.8,0.888888888888889,0.8869423130433379,0.7302776709919946,0.5494295523851191,0.48515105906537936
6,4,2.2404510974884033,0.015625,1.0,0.8,0.888888888888889,0.8869423130433379,0.7264994487633568,0.8655433161975832,0.18761295364626582
6,5,2.20206618309021,0.015625,1.0,0.8,0.888888888888889,0.8869423130433379,0.7641986754525333,0.5944059902792663,0.4570561159533836
6,6,2.339235782623291,0.015625,1.0,0.8,0.888888888888889,0.8869423130433379,0.8891892668465212,0.7486491938164367,0.3782427188031781
6,7,2.0605180263519287,0.015625,1.0,0.8,0.888888888888889,0.8869423130433379,0.7510332134853533,0.738757683789166,0.4298989898989899
6,8,2.0795247554779053,0.015625,1.0,0.8,0.888888888888889,0.8869423130433379,0.6659017109593725,0.7921927279007243,0.5134936572464123
6,9,2.1741409301757812,0.015625,1.0,0.8,0.888888888888889,0.8869423130433379,0.6567767099692867,0.4238509540236779,0.484966194849866
6,10,2.4163520336151123,0.015625,1.0,0.8,0.888888888888889,0.8869423130433379,0.9013248903926875,0.7833568537079469,0.5734638922888617
6,11,2.283010959625244,0.015625,1.0,0.8,0.888888888888889,0.8869423130433379,0.9120404890606006,0.5449952398195959,0.4571358629130967
6,12,2.326245069503784,0.015625,1.0,0.8,0.888888888888889,0.8869423130433379,0.6481375047654572,0.6938304943870277,0.6363324680413381
6,13,2.2146811485290527,0.015625,1.0,0.8,0.888888888888889,0.8869423130433379,0.9388650846359058,0.6931051430231202,0.4847980212325664
6,14,2.1516149044036865,0.015625,1.0,0.8,0.888888888888889,0.8869423130433379,0.6670703575048255,0.749569732113248,0.40381884944920443
9,0,3.086743116378784,0.015625,1.0,0.8,0.888888888888889,0.8869423130433379,0.8428788757984502,0.6564858983645885,0.5135571915963368
9,1,3.3150269985198975,0.015625,1.0,0.8,0.888888888888889,0.8869423130433379,0.8078786937406925,0.8037939910476543,0.4302338386990199
9,2,3.122046947479248,0.015625,1.0,0.8,0.888888888888889,0.8869423130433379,0.8764750237586869,0.8715780713062272,0.5733524869815048
9,3,3.1980350017547607,0.015625,1.0,0.8,0.888888888888889,0.8869423130433379,0.7557336880553698,0.6241583140666658,0.48515105906537936
9,4,3.2602219581604004,0.015625,1.0,0.8,0.888888888888889,0.8869423130433379,0.812664687267777,0.8851266006093397,0.37885106955468856
9,5,3.188425302505493,0.015625,1.0,0.8,0.888888888888889,0.8869423130433379,0.7850363094089698,0.6478032224122444,0.4570561159533836
9,6,3.4178969860076904,0.015625,1.0,0.8,0.888888888888889,0.8869423130433379,0.8820946990584939,0.8093282850673172,0.3782427188031781
9,7,3.118023157119751,0.015625,1.0,0.8,0.888888888888889,0.8869423130433379,0.7949978899575441,0.7667765063035095,0.4848148435363599
9,8,3.1106700897216797,0.015625,1.0,0.8,0.888888888888889,0.8869423130433379,0.7684917642351871,0.8319070590475601,0.5134936572464123
9,9,3.275620937347412,0.015625,1.0,0.8,0.888888888888889,0.8869423130433379,0.757419141690488,0.629233108168171,0.6044056963032804
9,10,3.5438477993011475,0.015625,1.0,0.8,0.888888888888889,0.8869423130433379,0.8963216257011913,0.8186267407157503,0.5734638922888617
9,11,3.3831491470336914,0.015625,1.0,0.8,0.888888888888889,0.8869423130433379,0.9283915655143969,0.7005310070840366,0.5429855388345354
9,12,3.3633360862731934,0.015625,1.0,0.8,0.888888888888889,0.8869423130433379,0.7765405549002263,0.7945429565527499,0.6363324680413381
9,13,3.328287124633789,0.015625,1.0,0.8,0.888888888888889,0.8869423130433379,0.8893302966829606,0.800605354230333,0.4847980212325664
9,14,3.069438934326172,0.015625,1.0,0.8,0.888888888888889,0.8869423130433379,0.7128352285841147,0.8571532308502349,0.4300292556338517
12,0,3.993637800216675,0.015625,1.0,0.8,0.888888888888889,0.8869423130433379,0.8542010615522799,0.6734474349821594,0.5135571915963368
12,1,4.340085029602051,0.015625,1.0,0.8,0.888888888888889,0.8869423130433379,0.8118566845961941,0.811402501225588,0.4302338386990199
12,2,4.0169947147369385,0.015625,1.0,0.8,0.888888888888889,0.8869423130433379,0.8807762082644025,0.8688476515800473,0.5733524869815048
12,3,4.053585767745972,0.015625,1.0,0.8,0.888888888888889,0.8869423130433379,0.776468074352318,0.6671672156471768,0.5137714975687759
12,4,4.355211973190308,0.015625,1.0,0.8,0.888888888888889,0.8869423130433379,0.8271146641759385,0.8825889044821865,0.18761295364626582
12,5,4.180138111114502,0.015625,1.0,0.8,0.888888888888889,0.8869423130433379,0.804158370601774,0.6518090466624465,0.4570561159533836
12,6,4.761538028717041,0.015625,1.0,0.8,0.888888888888889,0.8869423130433379,0.8778836341119942,0.8182610464122784,0.3782427188031781
12,7,4.149199962615967,0.015625,1.0,0.8,0.888888888888889,0.8869423130433379,0.8105795831453622,0.7639743831944553,0.4848148435363599
12,8,4.642884969711304,0.015625,1.0,0.8,0.888888888888889,0.8869423130433379,0.7980027757699433,0.8376968114513026,0.5134936572464123
12,9,4.276962041854858,0.015625,1.0,0.8,0.888888888888889,0.8869423130433379,0.8031942560096164,0.7090242624789627,0.6363265306122449
12,10,4.629510164260864,0.015625,1.0,0.8,0.888888888888889,0.8869423130433379,0.8895315988221217,0.8208005810576297,0.5734638922888617
12,11,4.394662141799927,0.015625,1.0,0.8,0.888888888888889,0.8869423130433379,0.9219215950446671,0.739791451654367,0.5429855388345354
12,12,4.413141250610352,0.015625,1.0,0.8,0.888888888888889,0.8869423130433379,0.8124914464383174,0.8322593561176124,0.6363324680413381
12,13,4.5023651123046875,0.015625,1.0,0.8,0.888888888888889,0.8869423130433379,0.8800842231244362,0.8346630254145775,0.4847980212325664
12,14,4.175982236862183,0.015625,1.0,0.8,0.888888888888889,0.8869423130433379,0.7306494902377526,0.8832909649887479,0.5430004612075475
15,0,5.034440040588379,0.015625,1.0,0.8,0.888888888888889,0.8869423130433379,0.8596634274433501,0.6796780088851814,0.5135571915963368
15,1,5.399238348007202,0.015625,1.0,0.8,0.888888888888889,0.8869423130433379,0.8142633894654088,0.8066542080053044,0.4302338386990199
15,2,5.030273914337158,0.015625,1.0,0.8,0.888888888888889,0.8869423130433379,0.8837393650493685,0.861878186762932,0.5733524869815048
15,3,4.993019104003906,0.015625,1.0,0.8,0.888888888888889,0.8869423130433379,0.7910862256408886,0.6678579834528235,0.5137714975687759
15,4,5.477221965789795,0.015625,1.0,0.8,0.888888888888889,0.8869423130433379,0.8308418523959812,0.8740766449640566,0.18761295364626582
15,5,5.245120048522949,0.015625,1.0,0.8,0.888888888888889,0.8869423130433379,0.8123295209623499,0.6460172553363048,0.4570561159533836
15,6,5.580182075500488,0.015625,1.0,0.8,0.888888888888889,0.8869423130433379,0.8751458046890019,0.8132655969196774,0.3782427188031781
15,7,5.146708011627197,0.015625,1.0,0.8,0.888888888888889,0.8869423130433379,0.8269363249667815,0.760145488518064,0.5135571915963368
15,8,5.136279106140137,0.015625,1.0,0.8,0.888888888888889,0.8869423130433379,0.8017491094000367,0.8328555006577705,0.5134936572464123
15,9,5.229234933853149,0.015625,1.0,0.8,0.888888888888889,0.8869423130433379,0.8182044052820386,0.7383996523781081,0.6363265306122449
15,10,5.505594730377197,0.015625,1.0,0.8,0.888888888888889,0.8869423130433379,0.8863948301410596,0.8075826529645345,0.5734638922888617
15,11,5.290488004684448,0.015625,1.0,0.8,0.888888888888889,0.8869423130433379,0.9182307912485427,0.7470491456427938,0.5429855388345354
15,12,5.54626202583313,0.015625,1.0,0.8,0.888888888888889,0.8869423130433379,0.8114570926948633,0.8334154427379548,0.6045348272611912
15,13,5.683780193328857,0.015625,1.0,0.8,0.888888888888889,0.8869423130433379,0.8757914086774571,0.8368307453862542,0.4847980212325664
15,14,5.266641855239868,0.015625,1.0,0.8,0.888888888888889,0.8869423130433379,0.7405330012958765,0.8887222827208949,0.5430004612075475
